Directory,Construct leaves (ms),Form tree (ms),Generate proof (ms),Verify proof (ms),Number of files,
../srsRAN-release_002_000_000,56.833000,1.456000,0.031000,0.040000,456,
../srsRAN-release_002_000_000,55.456000,1.393000,0.031000,0.044000,456,
../srsRAN-release_002_000_000,55.471000,1.426000,0.031000,0.040000,456,
../srsRAN-release_002_000_000,55.375000,1.434000,0.032000,0.041000,456,
../srsRAN-release_002_000_000,54.907000,1.431000,0.032000,0.040000,456,
../srsRAN-release_002_000_000,55.149000,1.428000,0.032000,0.040000,456,
../srsRAN-release_002_000_000,55.488000,1.422000,0.033000,0.040000,456,
../srsRAN-release_002_000_000,55.373000,1.434000,0.031000,0.039000,456,
../srsRAN-release_002_000_000,55.455000,1.406000,0.032000,0.040000,456,
../srsRAN-release_002_000_000,55.264000,1.458000,0.032000,0.040000,456,
../srsRAN-release_002_000_000,55.384000,1.417000,0.032000,0.041000,456,
../srsRAN-release_002_000_000,55.359000,1.385000,0.032000,0.040000,456,
../srsRAN-release_002_000_000,55.087000,1.371000,0.032000,0.041000,456,
../srsRAN-release_002_000_000,55.606000,1.408000,0.032000,0.040000,456,
../srsRAN-release_002_000_000,55.348000,1.438000,0.032000,0.040000,456,
../srsRAN-release_002_000_000,55.115000,1.444000,0.032000,0.040000,456,
../srsRAN-release_002_000_000,55.426000,1.438000,0.032000,0.040000,456,
../srsRAN-release_002_000_000,55.214000,1.413000,0.031000,0.040000,456,
../srsRAN-release_002_000_000,55.489000,1.411000,0.032000,0.040000,456,
../srsRAN-release_002_000_000,55.465000,1.444000,0.031000,0.040000,456,
../srsRAN-release_002_000_000,55.805000,1.370000,0.032000,0.041000,456,
../srsRAN-release_002_000_000,59.605000,1.412000,0.032000,0.040000,456,
../srsRAN-release_002_000_000,55.567000,1.371000,0.032000,0.040000,456,
../srsRAN-release_002_000_000,55.269000,1.399000,0.031000,0.040000,456,
../srsRAN-release_002_000_000,55.373000,1.420000,0.032000,0.040000,456,
../srsRAN-release_002_000_000,55.508000,1.411000,0.032000,0.040000,456,
../srsRAN-release_002_000_000,55.118000,1.393000,0.032000,0.040000,456,
../srsRAN-release_002_000_000,55.490000,1.410000,0.032000,0.040000,456,
../srsRAN-release_002_000_000,55.388000,1.401000,0.032000,0.041000,456,
../srsRAN-release_002_000_000,55.292000,1.425000,0.032000,0.040000,456,
../srsRAN-release_002_000_000,55.389000,1.430000,0.032000,0.041000,456,
../srsRAN-release_002_000_000,55.450000,1.431000,0.032000,0.039000,456,
../srsRAN-release_002_000_000,55.247000,1.428000,0.031000,0.039000,456,
../srsRAN-release_002_000_000,55.536000,1.429000,0.031000,0.045000,456,
../srsRAN-release_002_000_000,55.308000,1.379000,0.031000,0.040000,456,
../srsRAN-release_002_000_000,55.404000,1.431000,0.032000,0.040000,456,
../srsRAN-release_002_000_000,55.319000,1.426000,0.032000,0.040000,456,
../srsRAN-release_002_000_000,55.267000,1.383000,0.032000,0.041000,456,
../srsRAN-release_002_000_000,55.322000,1.383000,0.032000,0.040000,456,
../srsRAN-release_002_000_000,55.277000,1.389000,0.032000,0.040000,456,
../srsRAN-release_002_000_000,55.817000,1.367000,0.032000,0.041000,456,
../srsRAN-release_002_000_000,55.206000,1.421000,0.032000,0.039000,456,
../srsRAN-release_002_000_000,55.550000,1.458000,0.032000,0.040000,456,
../srsRAN-release_002_000_000,55.765000,1.365000,0.031000,0.040000,456,
../srsRAN-release_002_000_000,55.470000,1.416000,0.032000,0.040000,456,
../srsRAN-release_002_000_000,55.373000,1.406000,0.032000,0.040000,456,
../srsRAN-release_002_000_000,55.377000,1.395000,0.032000,0.040000,456,
../srsRAN-release_002_000_000,55.495000,1.402000,0.032000,0.040000,456,
../srsRAN-release_002_000_000,55.472000,1.408000,0.031000,0.039000,456,
../srsRAN-release_002_000_000,55.504000,1.384000,0.032000,0.040000,456,
../srsRAN-release_002_000_000,55.891000,1.381000,0.032000,0.041000,456,
../srsRAN-release_002_000_000,55.723000,1.438000,0.031000,0.040000,456,
../srsRAN-release_002_000_000,55.448000,1.402000,0.032000,0.040000,456,
../srsRAN-release_002_000_000,55.173000,1.410000,0.032000,0.040000,456,
../srsRAN-release_002_000_000,55.644000,1.423000,0.032000,0.040000,456,
../srsRAN-release_002_000_000,55.401000,1.378000,0.032000,0.040000,456,
../srsRAN-release_002_000_000,55.426000,1.398000,0.031000,0.040000,456,
../srsRAN-release_002_000_000,55.477000,1.435000,0.031000,0.039000,456,
../srsRAN-release_002_000_000,55.360000,1.448000,0.032000,0.040000,456,
../srsRAN-release_002_000_000,55.409000,1.411000,0.031000,0.040000,456,
../srsRAN-release_002_000_000,55.579000,1.378000,0.031000,0.040000,456,
../srsRAN-release_002_000_000,55.717000,1.378000,0.031000,0.040000,456,
../srsRAN-release_002_000_000,55.607000,1.379000,0.031000,0.039000,456,
../srsRAN-release_002_000_000,55.617000,1.392000,0.032000,0.040000,456,
../srsRAN-release_002_000_000,55.774000,1.428000,0.032000,0.041000,456,
../srsRAN-release_002_000_000,55.664000,1.430000,0.031000,0.039000,456,
../srsRAN-release_002_000_000,55.328000,1.398000,0.032000,0.042000,456,
../srsRAN-release_002_000_000,55.870000,1.396000,0.031000,0.041000,456,
../srsRAN-release_002_000_000,55.606000,1.435000,0.032000,0.040000,456,
../srsRAN-release_002_000_000,55.274000,1.381000,0.032000,0.040000,456,
../srsRAN-release_002_000_000,59.659000,2.093000,0.036000,0.042000,456,
../srsRAN-release_002_000_000,55.703000,1.423000,0.032000,0.040000,456,
../srsRAN-release_002_000_000,55.241000,1.416000,0.032000,0.039000,456,
../srsRAN-release_002_000_000,55.314000,1.381000,0.032000,0.040000,456,
../srsRAN-release_002_000_000,55.298000,1.422000,0.031000,0.040000,456,
../srsRAN-release_002_000_000,55.505000,1.423000,0.031000,0.045000,456,
../srsRAN-release_002_000_000,55.416000,1.393000,0.032000,0.040000,456,
../srsRAN-release_002_000_000,55.276000,1.382000,0.032000,0.040000,456,
../srsRAN-release_002_000_000,55.318000,1.406000,0.031000,0.040000,456,
../srsRAN-release_002_000_000,55.216000,1.372000,0.032000,0.040000,456,
../srsRAN-release_002_000_000,55.696000,1.395000,0.032000,0.041000,456,
../srsRAN-release_002_000_000,55.475000,1.422000,0.031000,0.039000,456,
../srsRAN-release_002_000_000,55.188000,1.398000,0.032000,0.040000,456,
../srsRAN-release_002_000_000,55.443000,1.399000,0.032000,0.040000,456,
../srsRAN-release_002_000_000,55.400000,1.412000,0.031000,0.039000,456,
../srsRAN-release_002_000_000,55.959000,1.428000,0.032000,0.040000,456,
../srsRAN-release_002_000_000,57.904000,1.396000,0.031000,0.039000,456,
../srsRAN-release_002_000_000,55.349000,1.414000,0.032000,0.040000,456,
../srsRAN-release_002_000_000,55.434000,1.408000,0.032000,0.040000,456,
../srsRAN-release_002_000_000,55.205000,1.425000,0.032000,0.040000,456,
../srsRAN-release_002_000_000,63.859000,1.384000,0.032000,0.042000,456,
../srsRAN-release_002_000_000,55.582000,1.440000,0.032000,0.039000,456,
../srsRAN-release_002_000_000,55.365000,1.368000,0.031000,0.040000,456,
../srsRAN-release_002_000_000,55.361000,1.411000,0.032000,0.040000,456,
../srsRAN-release_002_000_000,55.221000,1.395000,0.032000,0.040000,456,
../srsRAN-release_002_000_000,55.011000,1.394000,0.032000,0.040000,456,
../srsRAN-release_002_000_000,55.024000,1.389000,0.031000,0.040000,456,
../srsRAN-release_002_000_000,55.297000,1.373000,0.032000,0.039000,456,
../srsRAN-release_002_000_000,55.262000,1.375000,0.032000,0.040000,456,
../srsRAN-release_002_000_000,55.380000,1.396000,0.031000,0.040000,456,
../srsRAN-release_17_09,57.504000,1.425000,0.032000,0.039000,477,
../srsRAN-release_17_09,57.455000,1.383000,0.032000,0.040000,477,
../srsRAN-release_17_09,57.367000,1.426000,0.032000,0.040000,477,
../srsRAN-release_17_09,57.079000,1.458000,0.036000,0.040000,477,
../srsRAN-release_17_09,56.978000,1.448000,0.032000,0.040000,477,
../srsRAN-release_17_09,57.486000,1.428000,0.032000,0.039000,477,
../srsRAN-release_17_09,57.390000,1.460000,0.031000,0.040000,477,
../srsRAN-release_17_09,57.427000,1.459000,0.032000,0.040000,477,
../srsRAN-release_17_09,57.418000,1.391000,0.031000,0.039000,477,
../srsRAN-release_17_09,57.443000,1.421000,0.032000,0.040000,477,
../srsRAN-release_17_09,57.247000,1.404000,0.032000,0.040000,477,
../srsRAN-release_17_09,57.342000,1.388000,0.032000,0.040000,477,
../srsRAN-release_17_09,57.322000,1.409000,0.032000,0.040000,477,
../srsRAN-release_17_09,57.340000,1.405000,0.032000,0.039000,477,
../srsRAN-release_17_09,57.064000,1.423000,0.031000,0.039000,477,
../srsRAN-release_17_09,57.270000,1.445000,0.032000,0.039000,477,
../srsRAN-release_17_09,56.979000,1.390000,0.032000,0.040000,477,
../srsRAN-release_17_09,57.219000,1.475000,0.032000,0.040000,477,
../srsRAN-release_17_09,56.960000,1.415000,0.032000,0.040000,477,
../srsRAN-release_17_09,57.263000,1.400000,0.031000,0.039000,477,
../srsRAN-release_17_09,57.377000,1.414000,0.034000,0.045000,477,
../srsRAN-release_17_09,57.376000,1.372000,0.032000,0.039000,477,
../srsRAN-release_17_09,57.416000,1.423000,0.032000,0.040000,477,
../srsRAN-release_17_09,57.280000,1.433000,0.031000,0.039000,477,
../srsRAN-release_17_09,57.244000,1.418000,0.032000,0.040000,477,
../srsRAN-release_17_09,57.186000,1.443000,0.031000,0.040000,477,
../srsRAN-release_17_09,57.395000,1.432000,0.032000,0.040000,477,
../srsRAN-release_17_09,57.281000,1.404000,0.031000,0.040000,477,
../srsRAN-release_17_09,57.203000,1.425000,0.032000,0.040000,477,
../srsRAN-release_17_09,57.330000,1.398000,0.032000,0.040000,477,
../srsRAN-release_17_09,57.607000,1.389000,0.032000,0.040000,477,
../srsRAN-release_17_09,59.693000,1.441000,0.032000,0.040000,477,
../srsRAN-release_17_09,57.430000,1.397000,0.031000,0.040000,477,
../srsRAN-release_17_09,57.439000,1.433000,0.032000,0.040000,477,
../srsRAN-release_17_09,57.463000,1.411000,0.032000,0.040000,477,
../srsRAN-release_17_09,57.726000,1.440000,0.032000,0.040000,477,
../srsRAN-release_17_09,57.456000,1.416000,0.031000,0.040000,477,
../srsRAN-release_17_09,57.420000,1.448000,0.032000,0.040000,477,
../srsRAN-release_17_09,57.436000,1.401000,0.032000,0.040000,477,
../srsRAN-release_17_09,57.463000,1.444000,0.032000,0.040000,477,
../srsRAN-release_17_09,57.787000,1.428000,0.032000,0.040000,477,
../srsRAN-release_17_09,57.317000,1.421000,0.032000,0.040000,477,
../srsRAN-release_17_09,57.494000,1.412000,0.032000,0.040000,477,
../srsRAN-release_17_09,57.602000,1.388000,0.032000,0.040000,477,
../srsRAN-release_17_09,57.704000,1.442000,0.032000,0.040000,477,
../srsRAN-release_17_09,57.477000,1.413000,0.032000,0.040000,477,
../srsRAN-release_17_09,57.809000,1.424000,0.032000,0.040000,477,
../srsRAN-release_17_09,57.564000,1.468000,0.032000,0.040000,477,
../srsRAN-release_17_09,57.812000,1.392000,0.032000,0.040000,477,
../srsRAN-release_17_09,58.270000,1.385000,0.032000,0.040000,477,
../srsRAN-release_17_09,57.952000,1.394000,0.031000,0.040000,477,
../srsRAN-release_17_09,58.248000,1.399000,0.032000,0.040000,477,
../srsRAN-release_17_09,59.743000,1.376000,0.031000,0.039000,477,
../srsRAN-release_17_09,57.391000,1.394000,0.032000,0.040000,477,
../srsRAN-release_17_09,57.651000,1.435000,0.031000,0.039000,477,
../srsRAN-release_17_09,57.370000,1.419000,0.031000,0.039000,477,
../srsRAN-release_17_09,57.739000,1.447000,0.031000,0.039000,477,
../srsRAN-release_17_09,57.658000,1.404000,0.032000,0.040000,477,
../srsRAN-release_17_09,57.369000,1.461000,0.031000,0.039000,477,
../srsRAN-release_17_09,57.659000,1.422000,0.032000,0.040000,477,
../srsRAN-release_17_09,57.586000,1.407000,0.031000,0.039000,477,
../srsRAN-release_17_09,57.436000,1.450000,0.032000,0.039000,477,
../srsRAN-release_17_09,57.445000,1.460000,0.031000,0.040000,477,
../srsRAN-release_17_09,57.557000,1.387000,0.031000,0.040000,477,
../srsRAN-release_17_09,57.530000,1.415000,0.033000,0.041000,477,
../srsRAN-release_17_09,57.418000,1.438000,0.032000,0.040000,477,
../srsRAN-release_17_09,57.563000,1.420000,0.032000,0.040000,477,
../srsRAN-release_17_09,57.655000,1.433000,0.032000,0.040000,477,
../srsRAN-release_17_09,57.664000,1.388000,0.031000,0.039000,477,
../srsRAN-release_17_09,57.749000,1.413000,0.031000,0.040000,477,
../srsRAN-release_17_09,57.620000,1.436000,0.032000,0.040000,477,
../srsRAN-release_17_09,57.764000,1.418000,0.032000,0.040000,477,
../srsRAN-release_17_09,57.523000,1.419000,0.031000,0.040000,477,
../srsRAN-release_17_09,57.890000,1.404000,0.033000,0.041000,477,
../srsRAN-release_17_09,57.641000,1.394000,0.031000,0.039000,477,
../srsRAN-release_17_09,57.448000,1.454000,0.031000,0.039000,477,
../srsRAN-release_17_09,57.479000,1.429000,0.033000,0.041000,477,
../srsRAN-release_17_09,57.528000,1.414000,0.032000,0.040000,477,
../srsRAN-release_17_09,57.732000,1.438000,0.033000,0.041000,477,
../srsRAN-release_17_09,57.962000,1.382000,0.032000,0.040000,477,
../srsRAN-release_17_09,57.912000,1.383000,0.032000,0.039000,477,
../srsRAN-release_17_09,58.164000,1.398000,0.032000,0.040000,477,
../srsRAN-release_17_09,57.970000,1.400000,0.032000,0.040000,477,
../srsRAN-release_17_09,58.029000,1.445000,0.031000,0.039000,477,
../srsRAN-release_17_09,58.090000,1.409000,0.032000,0.040000,477,
../srsRAN-release_17_09,58.081000,1.470000,0.032000,0.040000,477,
../srsRAN-release_17_09,57.879000,1.459000,0.039000,0.040000,477,
../srsRAN-release_17_09,57.724000,1.406000,0.032000,0.040000,477,
../srsRAN-release_17_09,57.710000,1.400000,0.031000,0.039000,477,
../srsRAN-release_17_09,57.698000,1.428000,0.033000,0.041000,477,
../srsRAN-release_17_09,57.963000,1.420000,0.032000,0.040000,477,
../srsRAN-release_17_09,57.983000,1.441000,0.033000,0.041000,477,
../srsRAN-release_17_09,57.953000,1.362000,0.032000,0.040000,477,
../srsRAN-release_17_09,58.003000,1.427000,0.032000,0.041000,477,
../srsRAN-release_17_09,58.034000,1.399000,0.032000,0.039000,477,
../srsRAN-release_17_09,57.799000,1.408000,0.032000,0.040000,477,
../srsRAN-release_17_09,58.001000,1.437000,0.031000,0.040000,477,
../srsRAN-release_17_09,64.392000,1.401000,0.031000,0.040000,477,
../srsRAN-release_17_09,57.387000,1.370000,0.031000,0.040000,477,
../srsRAN-release_17_09,57.407000,1.424000,0.032000,0.040000,477,
../srsRAN-release_17_12,63.111000,2.859000,0.053000,0.066000,514,
../srsRAN-release_17_12,62.899000,2.829000,0.054000,0.067000,514,
../srsRAN-release_17_12,62.544000,2.843000,0.053000,0.067000,514,
../srsRAN-release_17_12,62.533000,2.797000,0.053000,0.066000,514,
../srsRAN-release_17_12,62.598000,2.735000,0.053000,0.066000,514,
../srsRAN-release_17_12,62.396000,2.802000,0.056000,0.066000,514,
../srsRAN-release_17_12,62.492000,2.819000,0.053000,0.066000,514,
../srsRAN-release_17_12,62.679000,2.868000,0.053000,0.066000,514,
../srsRAN-release_17_12,62.381000,2.870000,0.053000,0.066000,514,
../srsRAN-release_17_12,62.606000,2.829000,0.053000,0.066000,514,
../srsRAN-release_17_12,63.096000,2.859000,0.053000,0.066000,514,
../srsRAN-release_17_12,62.986000,2.920000,0.052000,0.066000,514,
../srsRAN-release_17_12,62.953000,2.822000,0.053000,0.066000,514,
../srsRAN-release_17_12,63.122000,2.868000,0.053000,0.067000,514,
../srsRAN-release_17_12,62.871000,2.897000,0.053000,0.066000,514,
../srsRAN-release_17_12,62.785000,2.836000,0.053000,0.066000,514,
../srsRAN-release_17_12,62.722000,2.919000,0.053000,0.067000,514,
../srsRAN-release_17_12,63.082000,2.820000,0.053000,0.067000,514,
../srsRAN-release_17_12,63.009000,2.851000,0.053000,0.065000,514,
../srsRAN-release_17_12,63.112000,2.883000,0.053000,0.067000,514,
../srsRAN-release_17_12,62.903000,2.792000,0.053000,0.066000,514,
../srsRAN-release_17_12,62.874000,2.850000,0.053000,0.066000,514,
../srsRAN-release_17_12,61.848000,2.828000,0.054000,0.066000,514,
../srsRAN-release_17_12,62.167000,2.868000,0.053000,0.066000,514,
../srsRAN-release_17_12,62.253000,2.856000,0.053000,0.065000,514,
../srsRAN-release_17_12,62.224000,2.893000,0.053000,0.066000,514,
../srsRAN-release_17_12,62.018000,2.797000,0.053000,0.065000,514,
../srsRAN-release_17_12,62.039000,2.847000,0.054000,0.066000,514,
../srsRAN-release_17_12,62.200000,2.893000,0.054000,0.066000,514,
../srsRAN-release_17_12,62.254000,2.865000,0.053000,0.066000,514,
../srsRAN-release_17_12,61.945000,2.880000,0.053000,0.066000,514,
../srsRAN-release_17_12,62.225000,2.818000,0.054000,0.066000,514,
../srsRAN-release_17_12,62.306000,2.791000,0.053000,0.066000,514,
../srsRAN-release_17_12,62.471000,2.777000,0.053000,0.066000,514,
../srsRAN-release_17_12,62.942000,2.852000,0.053000,0.066000,514,
../srsRAN-release_17_12,62.970000,2.769000,0.054000,0.066000,514,
../srsRAN-release_17_12,62.622000,2.772000,0.056000,0.066000,514,
../srsRAN-release_17_12,63.087000,2.784000,0.053000,0.066000,514,
../srsRAN-release_17_12,62.852000,2.834000,0.053000,0.069000,514,
../srsRAN-release_17_12,63.104000,2.813000,0.052000,0.066000,514,
../srsRAN-release_17_12,62.859000,2.827000,0.053000,0.080000,514,
../srsRAN-release_17_12,62.910000,2.822000,0.054000,0.067000,514,
../srsRAN-release_17_12,62.514000,2.873000,0.053000,0.066000,514,
../srsRAN-release_17_12,63.238000,2.787000,0.053000,0.066000,514,
../srsRAN-release_17_12,62.943000,2.908000,0.053000,0.066000,514,
../srsRAN-release_17_12,62.181000,2.796000,0.053000,0.066000,514,
../srsRAN-release_17_12,62.012000,2.831000,0.053000,0.066000,514,
../srsRAN-release_17_12,61.979000,2.743000,0.052000,0.066000,514,
../srsRAN-release_17_12,61.539000,2.844000,0.053000,0.066000,514,
../srsRAN-release_17_12,62.423000,2.844000,0.053000,0.066000,514,
../srsRAN-release_17_12,61.932000,2.826000,0.053000,0.066000,514,
../srsRAN-release_17_12,62.233000,2.869000,0.053000,0.066000,514,
../srsRAN-release_17_12,62.356000,2.881000,0.053000,0.066000,514,
../srsRAN-release_17_12,62.043000,2.848000,0.052000,0.065000,514,
../srsRAN-release_17_12,63.207000,2.825000,0.053000,0.066000,514,
../srsRAN-release_17_12,62.734000,2.863000,0.053000,0.066000,514,
../srsRAN-release_17_12,62.855000,2.834000,0.053000,0.066000,514,
../srsRAN-release_17_12,63.170000,2.840000,0.053000,0.066000,514,
../srsRAN-release_17_12,62.996000,2.893000,0.053000,0.066000,514,
../srsRAN-release_17_12,63.053000,2.810000,0.053000,0.066000,514,
../srsRAN-release_17_12,63.131000,2.912000,0.053000,0.069000,514,
../srsRAN-release_17_12,63.113000,2.785000,0.056000,0.066000,514,
../srsRAN-release_17_12,63.176000,2.859000,0.054000,0.066000,514,
../srsRAN-release_17_12,63.045000,2.825000,0.053000,0.067000,514,
../srsRAN-release_17_12,63.036000,2.917000,0.054000,0.067000,514,
../srsRAN-release_17_12,63.036000,2.857000,0.054000,0.066000,514,
../srsRAN-release_17_12,63.005000,2.799000,0.053000,0.066000,514,
../srsRAN-release_17_12,63.040000,2.856000,0.053000,0.066000,514,
../srsRAN-release_17_12,62.928000,2.871000,0.053000,0.067000,514,
../srsRAN-release_17_12,63.033000,2.921000,0.053000,0.066000,514,
../srsRAN-release_17_12,63.193000,2.849000,0.053000,0.066000,514,
../srsRAN-release_17_12,63.072000,2.833000,0.055000,0.067000,514,
../srsRAN-release_17_12,62.932000,2.905000,0.054000,0.066000,514,
../srsRAN-release_17_12,62.788000,2.908000,0.054000,0.067000,514,
../srsRAN-release_17_12,63.039000,2.847000,0.054000,0.068000,514,
../srsRAN-release_17_12,63.093000,2.840000,0.053000,0.067000,514,
../srsRAN-release_17_12,63.158000,2.875000,0.053000,0.066000,514,
../srsRAN-release_17_12,63.251000,2.865000,0.053000,0.066000,514,
../srsRAN-release_17_12,62.207000,2.860000,0.057000,0.067000,514,
../srsRAN-release_17_12,62.247000,2.842000,0.053000,0.066000,514,
../srsRAN-release_17_12,61.911000,2.801000,0.054000,0.066000,514,
../srsRAN-release_17_12,62.175000,2.863000,0.053000,0.066000,514,
../srsRAN-release_17_12,62.370000,2.777000,0.053000,0.066000,514,
../srsRAN-release_17_12,62.250000,2.828000,0.054000,0.066000,514,
../srsRAN-release_17_12,62.382000,2.812000,0.053000,0.067000,514,
../srsRAN-release_17_12,62.222000,2.814000,0.053000,0.069000,514,
../srsRAN-release_17_12,62.306000,2.864000,0.057000,0.068000,514,
../srsRAN-release_17_12,62.278000,2.811000,0.053000,0.066000,514,
../srsRAN-release_17_12,61.831000,2.835000,0.053000,0.066000,514,
../srsRAN-release_17_12,61.791000,2.823000,0.053000,0.066000,514,
../srsRAN-release_17_12,61.818000,2.879000,0.053000,0.066000,514,
../srsRAN-release_17_12,62.840000,2.860000,0.053000,0.066000,514,
../srsRAN-release_17_12,62.862000,2.863000,0.054000,0.066000,514,
../srsRAN-release_17_12,62.935000,2.921000,0.053000,0.066000,514,
../srsRAN-release_17_12,63.109000,2.824000,0.053000,0.066000,514,
../srsRAN-release_17_12,62.922000,2.880000,0.053000,0.066000,514,
../srsRAN-release_17_12,63.257000,2.822000,0.053000,0.066000,514,
../srsRAN-release_17_12,62.370000,2.877000,0.053000,0.066000,514,
../srsRAN-release_17_12,62.482000,2.787000,0.053000,0.066000,514,
../srsRAN-release_17_12,61.863000,2.896000,0.053000,0.066000,514,
../srsRAN-release_18_03,62.525000,3.008000,0.053000,0.066000,514,
../srsRAN-release_18_03,62.666000,2.940000,0.054000,0.066000,514,
../srsRAN-release_18_03,62.649000,2.845000,0.054000,0.066000,514,
../srsRAN-release_18_03,62.613000,2.861000,0.054000,0.067000,514,
../srsRAN-release_18_03,62.706000,2.885000,0.053000,0.067000,514,
../srsRAN-release_18_03,62.781000,2.903000,0.053000,0.067000,514,
../srsRAN-release_18_03,62.341000,2.927000,0.053000,0.066000,514,
../srsRAN-release_18_03,62.672000,2.881000,0.053000,0.067000,514,
../srsRAN-release_18_03,62.714000,2.885000,0.053000,0.066000,514,
../srsRAN-release_18_03,62.494000,2.914000,0.053000,0.066000,514,
../srsRAN-release_18_03,62.727000,2.788000,0.053000,0.066000,514,
../srsRAN-release_18_03,62.650000,2.860000,0.054000,0.066000,514,
../srsRAN-release_18_03,62.652000,2.915000,0.054000,0.066000,514,
../srsRAN-release_18_03,62.599000,2.799000,0.053000,0.067000,514,
../srsRAN-release_18_03,62.467000,2.825000,0.054000,0.066000,514,
../srsRAN-release_18_03,62.352000,2.802000,0.052000,0.065000,514,
../srsRAN-release_18_03,62.218000,2.851000,0.054000,0.066000,514,
../srsRAN-release_18_03,62.504000,2.843000,0.053000,0.066000,514,
../srsRAN-release_18_03,62.528000,2.834000,0.053000,0.067000,514,
../srsRAN-release_18_03,62.825000,2.770000,0.053000,0.066000,514,
../srsRAN-release_18_03,62.498000,2.824000,0.053000,0.066000,514,
../srsRAN-release_18_03,62.709000,2.826000,0.053000,0.066000,514,
../srsRAN-release_18_03,62.248000,2.776000,0.053000,0.066000,514,
../srsRAN-release_18_03,62.627000,2.874000,0.053000,0.066000,514,
../srsRAN-release_18_03,62.331000,2.872000,0.053000,0.067000,514,
../srsRAN-release_18_03,62.592000,2.905000,0.053000,0.066000,514,
../srsRAN-release_18_03,62.772000,2.913000,0.052000,0.066000,514,
../srsRAN-release_18_03,62.597000,2.949000,0.053000,0.067000,514,
../srsRAN-release_18_03,62.352000,2.863000,0.055000,0.068000,514,
../srsRAN-release_18_03,62.633000,2.897000,0.053000,0.066000,514,
../srsRAN-release_18_03,62.488000,2.853000,0.054000,0.066000,514,
../srsRAN-release_18_03,62.531000,2.873000,0.053000,0.066000,514,
../srsRAN-release_18_03,62.566000,2.914000,0.053000,0.066000,514,
../srsRAN-release_18_03,62.485000,2.830000,0.055000,0.069000,514,
../srsRAN-release_18_03,62.636000,2.793000,0.055000,0.068000,514,
../srsRAN-release_18_03,62.657000,2.856000,0.053000,0.066000,514,
../srsRAN-release_18_03,62.568000,2.887000,0.053000,0.067000,514,
../srsRAN-release_18_03,62.859000,2.861000,0.053000,0.066000,514,
../srsRAN-release_18_03,62.415000,2.913000,0.053000,0.067000,514,
../srsRAN-release_18_03,62.591000,2.799000,0.053000,0.066000,514,
../srsRAN-release_18_03,62.740000,2.872000,0.053000,0.067000,514,
../srsRAN-release_18_03,62.429000,2.835000,0.053000,0.066000,514,
../srsRAN-release_18_03,62.735000,2.840000,0.054000,0.066000,514,
../srsRAN-release_18_03,62.814000,2.840000,0.058000,0.072000,514,
../srsRAN-release_18_03,62.724000,2.795000,0.053000,0.066000,514,
../srsRAN-release_18_03,62.769000,2.816000,0.055000,0.069000,514,
../srsRAN-release_18_03,62.316000,2.839000,0.054000,0.066000,514,
../srsRAN-release_18_03,62.319000,2.912000,0.055000,0.069000,514,
../srsRAN-release_18_03,62.693000,2.912000,0.055000,0.069000,514,
../srsRAN-release_18_03,62.852000,2.898000,0.053000,0.067000,514,
../srsRAN-release_18_03,62.213000,2.900000,0.053000,0.066000,514,
../srsRAN-release_18_03,61.833000,2.871000,0.053000,0.066000,514,
../srsRAN-release_18_03,62.652000,2.849000,0.055000,0.068000,514,
../srsRAN-release_18_03,62.482000,2.881000,0.054000,0.067000,514,
../srsRAN-release_18_03,62.539000,2.890000,0.053000,0.066000,514,
../srsRAN-release_18_03,62.503000,2.845000,0.053000,0.067000,514,
../srsRAN-release_18_03,62.683000,2.785000,0.054000,0.066000,514,
../srsRAN-release_18_03,62.604000,2.865000,0.053000,0.067000,514,
../srsRAN-release_18_03,62.472000,2.782000,0.053000,0.066000,514,
../srsRAN-release_18_03,62.746000,2.814000,0.056000,0.069000,514,
../srsRAN-release_18_03,62.654000,2.930000,0.053000,0.067000,514,
../srsRAN-release_18_03,62.440000,2.940000,0.056000,0.069000,514,
../srsRAN-release_18_03,62.514000,2.896000,0.054000,0.067000,514,
../srsRAN-release_18_03,62.744000,2.854000,0.055000,0.069000,514,
../srsRAN-release_18_03,62.231000,2.779000,0.053000,0.066000,514,
../srsRAN-release_18_03,62.660000,2.896000,0.055000,0.069000,514,
../srsRAN-release_18_03,62.541000,2.845000,0.056000,0.069000,514,
../srsRAN-release_18_03,62.252000,2.824000,0.054000,0.066000,514,
../srsRAN-release_18_03,62.040000,2.859000,0.054000,0.067000,514,
../srsRAN-release_18_03,62.660000,2.889000,0.056000,0.069000,514,
../srsRAN-release_18_03,62.651000,2.896000,0.053000,0.067000,514,
../srsRAN-release_18_03,62.397000,2.867000,0.054000,0.066000,514,
../srsRAN-release_18_03,62.748000,2.877000,0.053000,0.067000,514,
../srsRAN-release_18_03,62.862000,2.852000,0.053000,0.067000,514,
../srsRAN-release_18_03,62.110000,2.839000,0.053000,0.067000,514,
../srsRAN-release_18_03,62.717000,2.799000,0.053000,0.066000,514,
../srsRAN-release_18_03,62.226000,2.880000,0.053000,0.066000,514,
../srsRAN-release_18_03,62.029000,2.810000,0.054000,0.066000,514,
../srsRAN-release_18_03,62.219000,2.881000,0.053000,0.065000,514,
../srsRAN-release_18_03,62.869000,2.879000,0.054000,0.066000,514,
../srsRAN-release_18_03,62.460000,2.802000,0.054000,0.066000,514,
../srsRAN-release_18_03,62.465000,2.849000,0.054000,0.068000,514,
../srsRAN-release_18_03,62.662000,2.901000,0.053000,0.066000,514,
../srsRAN-release_18_03,62.413000,2.825000,0.055000,0.068000,514,
../srsRAN-release_18_03,62.228000,2.802000,0.053000,0.066000,514,
../srsRAN-release_18_03,61.969000,2.771000,0.054000,0.066000,514,
../srsRAN-release_18_03,62.179000,2.865000,0.053000,0.066000,514,
../srsRAN-release_18_03,62.348000,2.830000,0.054000,0.066000,514,
../srsRAN-release_18_03,62.295000,2.870000,0.053000,0.072000,514,
../srsRAN-release_18_03,61.934000,2.899000,0.054000,0.068000,514,
../srsRAN-release_18_03,62.674000,2.900000,0.053000,0.066000,514,
../srsRAN-release_18_03,62.676000,2.846000,0.055000,0.069000,514,
../srsRAN-release_18_03,62.749000,2.819000,0.053000,0.066000,514,
../srsRAN-release_18_03,62.596000,2.903000,0.053000,0.066000,514,
../srsRAN-release_18_03,62.647000,2.804000,0.056000,0.069000,514,
../srsRAN-release_18_03,62.758000,2.951000,0.054000,0.067000,514,
../srsRAN-release_18_03,62.772000,2.798000,0.055000,0.068000,514,
../srsRAN-release_18_03,62.577000,2.851000,0.053000,0.067000,514,
../srsRAN-release_18_03,62.705000,2.859000,0.054000,0.067000,514,
../srsRAN-release_18_03,62.565000,2.895000,0.053000,0.067000,514,
../srsRAN-release_18_03_1,63.221000,2.922000,0.053000,0.067000,514,
../srsRAN-release_18_03_1,62.886000,2.833000,0.053000,0.066000,514,
../srsRAN-release_18_03_1,62.637000,2.794000,0.055000,0.068000,514,
../srsRAN-release_18_03_1,62.644000,2.948000,0.053000,0.069000,514,
../srsRAN-release_18_03_1,62.932000,2.833000,0.054000,0.066000,514,
../srsRAN-release_18_03_1,63.252000,2.818000,0.054000,0.066000,514,
../srsRAN-release_18_03_1,62.974000,2.835000,0.054000,0.067000,514,
../srsRAN-release_18_03_1,63.069000,2.744000,0.054000,0.067000,514,
../srsRAN-release_18_03_1,62.749000,2.857000,0.058000,0.072000,514,
../srsRAN-release_18_03_1,62.990000,2.878000,0.053000,0.066000,514,
../srsRAN-release_18_03_1,63.128000,2.779000,0.054000,0.067000,514,
../srsRAN-release_18_03_1,63.108000,2.809000,0.054000,0.066000,514,
../srsRAN-release_18_03_1,63.172000,2.775000,0.059000,0.067000,514,
../srsRAN-release_18_03_1,63.103000,2.868000,0.055000,0.067000,514,
../srsRAN-release_18_03_1,63.096000,2.927000,0.053000,0.066000,514,
../srsRAN-release_18_03_1,63.010000,2.883000,0.053000,0.067000,514,
../srsRAN-release_18_03_1,62.966000,2.848000,0.053000,0.067000,514,
../srsRAN-release_18_03_1,63.042000,2.886000,0.053000,0.066000,514,
../srsRAN-release_18_03_1,63.021000,2.905000,0.053000,0.067000,514,
../srsRAN-release_18_03_1,62.463000,2.872000,0.055000,0.068000,514,
../srsRAN-release_18_03_1,63.105000,2.774000,0.054000,0.067000,514,
../srsRAN-release_18_03_1,63.192000,2.775000,0.054000,0.067000,514,
../srsRAN-release_18_03_1,62.880000,2.829000,0.054000,0.067000,514,
../srsRAN-release_18_03_1,63.050000,2.835000,0.055000,0.070000,514,
../srsRAN-release_18_03_1,62.997000,2.922000,0.054000,0.068000,514,
../srsRAN-release_18_03_1,63.089000,2.870000,0.053000,0.066000,514,
../srsRAN-release_18_03_1,63.046000,2.860000,0.054000,0.067000,514,
../srsRAN-release_18_03_1,63.082000,2.862000,0.053000,0.066000,514,
../srsRAN-release_18_03_1,63.164000,2.845000,0.053000,0.066000,514,
../srsRAN-release_18_03_1,63.190000,2.878000,0.053000,0.067000,514,
../srsRAN-release_18_03_1,63.110000,2.794000,0.054000,0.067000,514,
../srsRAN-release_18_03_1,62.949000,2.951000,0.053000,0.066000,514,
../srsRAN-release_18_03_1,63.007000,2.977000,0.054000,0.068000,514,
../srsRAN-release_18_03_1,63.024000,2.772000,0.054000,0.068000,514,
../srsRAN-release_18_03_1,63.050000,2.826000,0.053000,0.066000,514,
../srsRAN-release_18_03_1,63.138000,2.855000,0.054000,0.067000,514,
../srsRAN-release_18_03_1,62.679000,2.859000,0.053000,0.067000,514,
../srsRAN-release_18_03_1,62.994000,2.813000,0.053000,0.066000,514,
../srsRAN-release_18_03_1,62.904000,2.910000,0.055000,0.068000,514,
../srsRAN-release_18_03_1,62.546000,2.929000,0.053000,0.066000,514,
../srsRAN-release_18_03_1,63.033000,2.840000,0.053000,0.067000,514,
../srsRAN-release_18_03_1,63.075000,2.840000,0.054000,0.067000,514,
../srsRAN-release_18_03_1,62.911000,2.890000,0.054000,0.067000,514,
../srsRAN-release_18_03_1,62.822000,2.836000,0.053000,0.066000,514,
../srsRAN-release_18_03_1,62.463000,2.905000,0.054000,0.066000,514,
../srsRAN-release_18_03_1,62.796000,2.811000,0.053000,0.067000,514,
../srsRAN-release_18_03_1,62.784000,2.790000,0.053000,0.066000,514,
../srsRAN-release_18_03_1,62.529000,2.769000,0.053000,0.066000,514,
../srsRAN-release_18_03_1,62.945000,2.856000,0.054000,0.067000,514,
../srsRAN-release_18_03_1,62.832000,2.833000,0.055000,0.068000,514,
../srsRAN-release_18_03_1,62.967000,2.824000,0.053000,0.067000,514,
../srsRAN-release_18_03_1,62.946000,2.774000,0.056000,0.069000,514,
../srsRAN-release_18_03_1,62.900000,2.806000,0.054000,0.066000,514,
../srsRAN-release_18_03_1,63.013000,2.826000,0.055000,0.069000,514,
../srsRAN-release_18_03_1,63.022000,2.777000,0.054000,0.067000,514,
../srsRAN-release_18_03_1,63.144000,2.831000,0.055000,0.067000,514,
../srsRAN-release_18_03_1,62.866000,2.860000,0.054000,0.066000,514,
../srsRAN-release_18_03_1,62.921000,2.861000,0.053000,0.066000,514,
../srsRAN-release_18_03_1,62.939000,2.755000,0.054000,0.068000,514,
../srsRAN-release_18_03_1,62.954000,2.850000,0.055000,0.068000,514,
../srsRAN-release_18_03_1,62.776000,2.855000,0.053000,0.067000,514,
../srsRAN-release_18_03_1,62.980000,2.888000,0.054000,0.066000,514,
../srsRAN-release_18_03_1,62.883000,2.904000,0.053000,0.066000,514,
../srsRAN-release_18_03_1,62.844000,2.787000,0.055000,0.069000,514,
../srsRAN-release_18_03_1,63.001000,2.913000,0.053000,0.067000,514,
../srsRAN-release_18_03_1,62.817000,2.796000,0.053000,0.066000,514,
../srsRAN-release_18_03_1,63.147000,2.867000,0.053000,0.067000,514,
../srsRAN-release_18_03_1,62.855000,2.780000,0.053000,0.066000,514,
../srsRAN-release_18_03_1,62.769000,2.781000,0.053000,0.066000,514,
../srsRAN-release_18_03_1,62.826000,2.870000,0.053000,0.066000,514,
../srsRAN-release_18_03_1,62.772000,2.845000,0.053000,0.066000,514,
../srsRAN-release_18_03_1,62.984000,2.857000,0.054000,0.067000,514,
../srsRAN-release_18_03_1,62.373000,2.798000,0.053000,0.066000,514,
../srsRAN-release_18_03_1,62.815000,2.782000,0.054000,0.067000,514,
../srsRAN-release_18_03_1,62.817000,2.948000,0.054000,0.067000,514,
../srsRAN-release_18_03_1,62.549000,2.872000,0.053000,0.066000,514,
../srsRAN-release_18_03_1,62.659000,2.922000,0.053000,0.067000,514,
../srsRAN-release_18_03_1,62.462000,2.856000,0.053000,0.066000,514,
../srsRAN-release_18_03_1,62.630000,2.869000,0.053000,0.066000,514,
../srsRAN-release_18_03_1,62.614000,2.832000,0.053000,0.066000,514,
../srsRAN-release_18_03_1,62.873000,2.835000,0.053000,0.067000,514,
../srsRAN-release_18_03_1,62.972000,2.905000,0.053000,0.066000,514,
../srsRAN-release_18_03_1,63.097000,2.800000,0.054000,0.066000,514,
../srsRAN-release_18_03_1,63.023000,2.820000,0.054000,0.066000,514,
../srsRAN-release_18_03_1,62.847000,2.838000,0.054000,0.066000,514,
../srsRAN-release_18_03_1,62.812000,2.928000,0.053000,0.066000,514,
../srsRAN-release_18_03_1,62.633000,2.897000,0.054000,0.066000,514,
../srsRAN-release_18_03_1,62.731000,2.786000,0.054000,0.066000,514,
../srsRAN-release_18_03_1,62.861000,2.834000,0.054000,0.068000,514,
../srsRAN-release_18_03_1,62.767000,2.795000,0.053000,0.066000,514,
../srsRAN-release_18_03_1,63.126000,2.769000,0.055000,0.069000,514,
../srsRAN-release_18_03_1,63.044000,2.879000,0.055000,0.068000,514,
../srsRAN-release_18_03_1,62.686000,2.840000,0.053000,0.067000,514,
../srsRAN-release_18_03_1,62.822000,2.839000,0.053000,0.067000,514,
../srsRAN-release_18_03_1,62.644000,2.833000,0.053000,0.066000,514,
../srsRAN-release_18_03_1,62.543000,2.756000,0.053000,0.067000,514,
../srsRAN-release_18_03_1,62.723000,2.828000,0.054000,0.066000,514,
../srsRAN-release_18_03_1,62.801000,2.827000,0.054000,0.066000,514,
../srsRAN-release_18_03_1,62.544000,2.780000,0.053000,0.066000,514,
../srsRAN-release_18_03_1,68.281000,2.834000,0.053000,0.066000,514,
../srsRAN-release_18_06,65.958000,2.804000,0.053000,0.066000,531,
../srsRAN-release_18_06,65.681000,2.787000,0.053000,0.066000,531,
../srsRAN-release_18_06,65.080000,2.889000,0.053000,0.066000,531,
../srsRAN-release_18_06,65.498000,2.818000,0.053000,0.066000,531,
../srsRAN-release_18_06,65.348000,2.824000,0.053000,0.066000,531,
../srsRAN-release_18_06,65.607000,2.773000,0.053000,0.066000,531,
../srsRAN-release_18_06,65.649000,2.813000,0.053000,0.066000,531,
../srsRAN-release_18_06,65.866000,2.843000,0.053000,0.066000,531,
../srsRAN-release_18_06,65.806000,2.934000,0.053000,0.067000,531,
../srsRAN-release_18_06,65.502000,2.794000,0.054000,0.066000,531,
../srsRAN-release_18_06,65.943000,2.872000,0.054000,0.066000,531,
../srsRAN-release_18_06,66.086000,2.824000,0.053000,0.067000,531,
../srsRAN-release_18_06,66.223000,2.825000,0.053000,0.066000,531,
../srsRAN-release_18_06,65.926000,2.848000,0.053000,0.066000,531,
../srsRAN-release_18_06,66.451000,2.790000,0.053000,0.067000,531,
../srsRAN-release_18_06,65.570000,2.797000,0.053000,0.066000,531,
../srsRAN-release_18_06,65.708000,2.855000,0.053000,0.066000,531,
../srsRAN-release_18_06,65.562000,2.909000,0.053000,0.066000,531,
../srsRAN-release_18_06,65.664000,2.874000,0.053000,0.066000,531,
../srsRAN-release_18_06,65.971000,2.767000,0.053000,0.066000,531,
../srsRAN-release_18_06,65.942000,2.853000,0.053000,0.066000,531,
../srsRAN-release_18_06,65.936000,2.877000,0.053000,0.066000,531,
../srsRAN-release_18_06,65.931000,2.846000,0.053000,0.066000,531,
../srsRAN-release_18_06,66.068000,2.875000,0.053000,0.066000,531,
../srsRAN-release_18_06,65.852000,2.871000,0.053000,0.066000,531,
../srsRAN-release_18_06,66.040000,2.815000,0.053000,0.066000,531,
../srsRAN-release_18_06,66.138000,2.862000,0.053000,0.066000,531,
../srsRAN-release_18_06,65.848000,2.794000,0.053000,0.066000,531,
../srsRAN-release_18_06,65.509000,2.796000,0.060000,0.067000,531,
../srsRAN-release_18_06,66.234000,2.848000,0.053000,0.066000,531,
../srsRAN-release_18_06,65.720000,2.868000,0.054000,0.066000,531,
../srsRAN-release_18_06,66.195000,2.825000,0.053000,0.067000,531,
../srsRAN-release_18_06,66.177000,2.815000,0.053000,0.066000,531,
../srsRAN-release_18_06,65.671000,2.875000,0.053000,0.067000,531,
../srsRAN-release_18_06,65.911000,2.896000,0.053000,0.066000,531,
../srsRAN-release_18_06,66.227000,2.804000,0.053000,0.066000,531,
../srsRAN-release_18_06,66.408000,2.846000,0.053000,0.066000,531,
../srsRAN-release_18_06,65.964000,2.848000,0.053000,0.066000,531,
../srsRAN-release_18_06,66.046000,2.839000,0.053000,0.066000,531,
../srsRAN-release_18_06,66.129000,2.846000,0.053000,0.066000,531,
../srsRAN-release_18_06,66.008000,2.869000,0.053000,0.066000,531,
../srsRAN-release_18_06,65.936000,2.828000,0.053000,0.066000,531,
../srsRAN-release_18_06,65.703000,2.846000,0.054000,0.066000,531,
../srsRAN-release_18_06,66.075000,2.834000,0.053000,0.067000,531,
../srsRAN-release_18_06,65.591000,2.800000,0.054000,0.066000,531,
../srsRAN-release_18_06,65.972000,2.914000,0.053000,0.073000,531,
../srsRAN-release_18_06,65.996000,2.845000,0.053000,0.066000,531,
../srsRAN-release_18_06,66.283000,2.862000,0.054000,0.066000,531,
../srsRAN-release_18_06,66.067000,2.833000,0.053000,0.067000,531,
../srsRAN-release_18_06,66.072000,2.851000,0.054000,0.066000,531,
../srsRAN-release_18_06,66.174000,2.809000,0.053000,0.066000,531,
../srsRAN-release_18_06,66.131000,2.828000,0.053000,0.066000,531,
../srsRAN-release_18_06,65.954000,2.961000,0.053000,0.066000,531,
../srsRAN-release_18_06,65.711000,2.794000,0.053000,0.067000,531,
../srsRAN-release_18_06,65.948000,2.824000,0.054000,0.066000,531,
../srsRAN-release_18_06,65.862000,2.917000,0.053000,0.066000,531,
../srsRAN-release_18_06,65.976000,2.848000,0.052000,0.065000,531,
../srsRAN-release_18_06,66.170000,2.951000,0.054000,0.067000,531,
../srsRAN-release_18_06,65.961000,2.923000,0.053000,0.066000,531,
../srsRAN-release_18_06,66.266000,2.862000,0.053000,0.066000,531,
../srsRAN-release_18_06,65.765000,2.828000,0.054000,0.067000,531,
../srsRAN-release_18_06,66.257000,2.823000,0.056000,0.070000,531,
../srsRAN-release_18_06,65.965000,2.891000,0.055000,0.068000,531,
../srsRAN-release_18_06,66.378000,2.788000,0.054000,0.068000,531,
../srsRAN-release_18_06,66.294000,2.819000,0.053000,0.065000,531,
../srsRAN-release_18_06,66.260000,2.854000,0.053000,0.066000,531,
../srsRAN-release_18_06,66.172000,2.908000,0.053000,0.067000,531,
../srsRAN-release_18_06,66.314000,2.818000,0.053000,0.066000,531,
../srsRAN-release_18_06,65.975000,2.928000,0.053000,0.066000,531,
../srsRAN-release_18_06,66.089000,2.854000,0.053000,0.068000,531,
../srsRAN-release_18_06,65.964000,2.811000,0.053000,0.066000,531,
../srsRAN-release_18_06,65.996000,2.993000,0.053000,0.066000,531,
../srsRAN-release_18_06,66.141000,2.800000,0.054000,0.066000,531,
../srsRAN-release_18_06,65.304000,2.899000,0.053000,0.066000,531,
../srsRAN-release_18_06,65.573000,2.827000,0.053000,0.066000,531,
../srsRAN-release_18_06,65.947000,2.931000,0.053000,0.066000,531,
../srsRAN-release_18_06,66.292000,2.822000,0.053000,0.066000,531,
../srsRAN-release_18_06,65.959000,2.857000,0.053000,0.066000,531,
../srsRAN-release_18_06,66.361000,2.865000,0.053000,0.066000,531,
../srsRAN-release_18_06,66.225000,2.817000,0.053000,0.066000,531,
../srsRAN-release_18_06,66.094000,2.862000,0.054000,0.066000,531,
../srsRAN-release_18_06,65.908000,2.904000,0.053000,0.067000,531,
../srsRAN-release_18_06,65.941000,2.857000,0.054000,0.066000,531,
../srsRAN-release_18_06,66.164000,2.846000,0.054000,0.066000,531,
../srsRAN-release_18_06,65.863000,2.925000,0.053000,0.066000,531,
../srsRAN-release_18_06,66.097000,2.879000,0.054000,0.066000,531,
../srsRAN-release_18_06,65.596000,2.867000,0.053000,0.066000,531,
../srsRAN-release_18_06,66.056000,2.794000,0.053000,0.066000,531,
../srsRAN-release_18_06,65.863000,2.873000,0.054000,0.066000,531,
../srsRAN-release_18_06,66.437000,2.874000,0.053000,0.066000,531,
../srsRAN-release_18_06,66.129000,2.916000,0.053000,0.066000,531,
../srsRAN-release_18_06,66.468000,2.868000,0.053000,0.066000,531,
../srsRAN-release_18_06,66.462000,2.888000,0.053000,0.066000,531,
../srsRAN-release_18_06,66.270000,2.894000,0.054000,0.066000,531,
../srsRAN-release_18_06,66.071000,2.884000,0.054000,0.066000,531,
../srsRAN-release_18_06,65.562000,2.981000,0.054000,0.066000,531,
../srsRAN-release_18_06,66.284000,2.835000,0.053000,0.066000,531,
../srsRAN-release_18_06,66.066000,2.902000,0.053000,0.066000,531,
../srsRAN-release_18_06,65.912000,2.879000,0.053000,0.066000,531,
../srsRAN-release_18_06,65.867000,2.887000,0.053000,0.074000,531,
../srsRAN-release_18_06_1,66.738000,2.810000,0.053000,0.067000,531,
../srsRAN-release_18_06_1,66.193000,2.810000,0.054000,0.067000,531,
../srsRAN-release_18_06_1,66.398000,2.798000,0.053000,0.066000,531,
../srsRAN-release_18_06_1,66.721000,2.935000,0.053000,0.066000,531,
../srsRAN-release_18_06_1,66.721000,2.783000,0.054000,0.066000,531,
../srsRAN-release_18_06_1,66.444000,2.858000,0.053000,0.066000,531,
../srsRAN-release_18_06_1,66.919000,2.855000,0.053000,0.066000,531,
../srsRAN-release_18_06_1,66.508000,2.900000,0.053000,0.066000,531,
../srsRAN-release_18_06_1,66.504000,2.830000,0.054000,0.066000,531,
../srsRAN-release_18_06_1,66.399000,2.846000,0.054000,0.066000,531,
../srsRAN-release_18_06_1,66.614000,2.836000,0.053000,0.067000,531,
../srsRAN-release_18_06_1,66.606000,2.849000,0.059000,0.069000,531,
../srsRAN-release_18_06_1,66.530000,2.797000,0.052000,0.066000,531,
../srsRAN-release_18_06_1,66.398000,2.833000,0.053000,0.066000,531,
../srsRAN-release_18_06_1,66.537000,2.823000,0.053000,0.066000,531,
../srsRAN-release_18_06_1,66.565000,2.776000,0.053000,0.070000,531,
../srsRAN-release_18_06_1,66.557000,2.843000,0.053000,0.066000,531,
../srsRAN-release_18_06_1,66.399000,2.896000,0.055000,0.068000,531,
../srsRAN-release_18_06_1,66.724000,2.894000,0.054000,0.066000,531,
../srsRAN-release_18_06_1,66.413000,2.883000,0.053000,0.066000,531,
../srsRAN-release_18_06_1,66.669000,2.831000,0.053000,0.066000,531,
../srsRAN-release_18_06_1,66.570000,2.802000,0.053000,0.065000,531,
../srsRAN-release_18_06_1,66.738000,2.825000,0.053000,0.066000,531,
../srsRAN-release_18_06_1,66.389000,2.761000,0.053000,0.066000,531,
../srsRAN-release_18_06_1,66.542000,2.854000,0.053000,0.066000,531,
../srsRAN-release_18_06_1,66.747000,2.826000,0.053000,0.066000,531,
../srsRAN-release_18_06_1,66.426000,2.904000,0.053000,0.066000,531,
../srsRAN-release_18_06_1,66.441000,2.866000,0.054000,0.066000,531,
../srsRAN-release_18_06_1,66.321000,2.851000,0.053000,0.066000,531,
../srsRAN-release_18_06_1,66.819000,2.860000,0.056000,0.069000,531,
../srsRAN-release_18_06_1,66.250000,2.867000,0.055000,0.069000,531,
../srsRAN-release_18_06_1,66.189000,2.853000,0.053000,0.066000,531,
../srsRAN-release_18_06_1,66.007000,2.870000,0.055000,0.068000,531,
../srsRAN-release_18_06_1,65.952000,2.850000,0.053000,0.067000,531,
../srsRAN-release_18_06_1,65.762000,2.792000,0.054000,0.066000,531,
../srsRAN-release_18_06_1,65.821000,2.808000,0.053000,0.066000,531,
../srsRAN-release_18_06_1,66.043000,2.911000,0.053000,0.066000,531,
../srsRAN-release_18_06_1,65.779000,2.861000,0.053000,0.066000,531,
../srsRAN-release_18_06_1,65.865000,2.816000,0.054000,0.072000,531,
../srsRAN-release_18_06_1,65.789000,2.873000,0.053000,0.067000,531,
../srsRAN-release_18_06_1,65.863000,2.938000,0.053000,0.066000,531,
../srsRAN-release_18_06_1,65.812000,2.892000,0.053000,0.066000,531,
../srsRAN-release_18_06_1,65.794000,2.835000,0.054000,0.066000,531,
../srsRAN-release_18_06_1,65.796000,2.855000,0.052000,0.074000,531,
../srsRAN-release_18_06_1,65.937000,2.898000,0.053000,0.067000,531,
../srsRAN-release_18_06_1,65.927000,2.876000,0.054000,0.066000,531,
../srsRAN-release_18_06_1,65.917000,2.863000,0.053000,0.066000,531,
../srsRAN-release_18_06_1,65.750000,2.810000,0.054000,0.066000,531,
../srsRAN-release_18_06_1,65.997000,2.907000,0.053000,0.066000,531,
../srsRAN-release_18_06_1,65.763000,2.791000,0.053000,0.067000,531,
../srsRAN-release_18_06_1,66.103000,2.860000,0.053000,0.066000,531,
../srsRAN-release_18_06_1,66.087000,2.866000,0.053000,0.071000,531,
../srsRAN-release_18_06_1,66.212000,2.801000,0.053000,0.066000,531,
../srsRAN-release_18_06_1,65.975000,2.878000,0.054000,0.066000,531,
../srsRAN-release_18_06_1,66.098000,2.822000,0.054000,0.066000,531,
../srsRAN-release_18_06_1,66.196000,2.908000,0.053000,0.066000,531,
../srsRAN-release_18_06_1,65.983000,2.919000,0.054000,0.066000,531,
../srsRAN-release_18_06_1,65.961000,2.803000,0.053000,0.066000,531,
../srsRAN-release_18_06_1,66.004000,2.888000,0.054000,0.067000,531,
../srsRAN-release_18_06_1,65.846000,2.859000,0.053000,0.066000,531,
../srsRAN-release_18_06_1,66.496000,2.874000,0.053000,0.067000,531,
../srsRAN-release_18_06_1,66.577000,2.903000,0.053000,0.066000,531,
../srsRAN-release_18_06_1,66.159000,2.917000,0.053000,0.066000,531,
../srsRAN-release_18_06_1,66.086000,2.800000,0.054000,0.067000,531,
../srsRAN-release_18_06_1,66.512000,2.805000,0.054000,0.068000,531,
../srsRAN-release_18_06_1,66.261000,2.816000,0.053000,0.066000,531,
../srsRAN-release_18_06_1,66.519000,2.915000,0.054000,0.067000,531,
../srsRAN-release_18_06_1,66.102000,2.774000,0.054000,0.066000,531,
../srsRAN-release_18_06_1,66.395000,2.886000,0.053000,0.066000,531,
../srsRAN-release_18_06_1,66.603000,2.824000,0.053000,0.066000,531,
../srsRAN-release_18_06_1,66.295000,2.864000,0.053000,0.066000,531,
../srsRAN-release_18_06_1,66.613000,2.849000,0.054000,0.066000,531,
../srsRAN-release_18_06_1,66.482000,2.889000,0.053000,0.066000,531,
../srsRAN-release_18_06_1,66.676000,2.880000,0.054000,0.069000,531,
../srsRAN-release_18_06_1,66.773000,2.882000,0.054000,0.066000,531,
../srsRAN-release_18_06_1,66.893000,2.830000,0.053000,0.066000,531,
../srsRAN-release_18_06_1,66.825000,2.921000,0.053000,0.066000,531,
../srsRAN-release_18_06_1,66.924000,2.850000,0.053000,0.066000,531,
../srsRAN-release_18_06_1,66.603000,2.877000,0.053000,0.066000,531,
../srsRAN-release_18_06_1,66.631000,2.873000,0.053000,0.067000,531,
../srsRAN-release_18_06_1,66.415000,2.873000,0.054000,0.067000,531,
../srsRAN-release_18_06_1,66.497000,2.839000,0.053000,0.066000,531,
../srsRAN-release_18_06_1,66.860000,2.827000,0.054000,0.067000,531,
../srsRAN-release_18_06_1,66.727000,2.951000,0.053000,0.066000,531,
../srsRAN-release_18_06_1,66.563000,2.760000,0.054000,0.067000,531,
../srsRAN-release_18_06_1,66.630000,2.902000,0.053000,0.067000,531,
../srsRAN-release_18_06_1,66.396000,2.875000,0.053000,0.066000,531,
../srsRAN-release_18_06_1,66.677000,2.864000,0.053000,0.066000,531,
../srsRAN-release_18_06_1,66.824000,2.762000,0.053000,0.067000,531,
../srsRAN-release_18_06_1,66.774000,2.911000,0.054000,0.067000,531,
../srsRAN-release_18_06_1,66.640000,2.831000,0.054000,0.066000,531,
../srsRAN-release_18_06_1,66.790000,2.911000,0.053000,0.066000,531,
../srsRAN-release_18_06_1,66.438000,2.871000,0.053000,0.066000,531,
../srsRAN-release_18_06_1,66.580000,2.788000,0.053000,0.066000,531,
../srsRAN-release_18_06_1,66.603000,2.848000,0.054000,0.066000,531,
../srsRAN-release_18_06_1,66.555000,2.963000,0.053000,0.066000,531,
../srsRAN-release_18_06_1,66.233000,2.915000,0.053000,0.066000,531,
../srsRAN-release_18_06_1,66.595000,2.850000,0.053000,0.067000,531,
../srsRAN-release_18_06_1,66.575000,2.820000,0.053000,0.066000,531,
../srsRAN-release_18_06_1,75.736000,2.955000,0.053000,0.067000,531,
../srsRAN-release_18_09,66.826000,2.816000,0.053000,0.067000,532,
../srsRAN-release_18_09,66.354000,2.872000,0.059000,0.069000,532,
../srsRAN-release_18_09,66.256000,2.841000,0.054000,0.066000,532,
../srsRAN-release_18_09,66.475000,2.839000,0.054000,0.066000,532,
../srsRAN-release_18_09,66.658000,2.823000,0.053000,0.066000,532,
../srsRAN-release_18_09,66.399000,2.843000,0.053000,0.067000,532,
../srsRAN-release_18_09,66.046000,2.913000,0.054000,0.067000,532,
../srsRAN-release_18_09,66.433000,2.856000,0.054000,0.067000,532,
../srsRAN-release_18_09,66.566000,2.843000,0.053000,0.066000,532,
../srsRAN-release_18_09,66.613000,2.810000,0.053000,0.066000,532,
../srsRAN-release_18_09,66.501000,2.863000,0.054000,0.066000,532,
../srsRAN-release_18_09,66.738000,2.884000,0.053000,0.066000,532,
../srsRAN-release_18_09,67.044000,2.805000,0.053000,0.066000,532,
../srsRAN-release_18_09,67.180000,2.898000,0.054000,0.066000,532,
../srsRAN-release_18_09,67.834000,2.860000,0.054000,0.067000,532,
../srsRAN-release_18_09,67.749000,2.850000,0.053000,0.067000,532,
../srsRAN-release_18_09,68.021000,2.834000,0.053000,0.067000,532,
../srsRAN-release_18_09,67.806000,2.810000,0.054000,0.066000,532,
../srsRAN-release_18_09,67.605000,2.834000,0.053000,0.067000,532,
../srsRAN-release_18_09,67.740000,2.872000,0.053000,0.066000,532,
../srsRAN-release_18_09,67.944000,2.853000,0.053000,0.067000,532,
../srsRAN-release_18_09,68.017000,2.825000,0.053000,0.067000,532,
../srsRAN-release_18_09,67.818000,2.857000,0.054000,0.066000,532,
../srsRAN-release_18_09,68.092000,2.768000,0.053000,0.066000,532,
../srsRAN-release_18_09,67.845000,2.829000,0.054000,0.066000,532,
../srsRAN-release_18_09,67.857000,2.878000,0.053000,0.067000,532,
../srsRAN-release_18_09,67.930000,2.910000,0.053000,0.067000,532,
../srsRAN-release_18_09,67.574000,2.823000,0.054000,0.066000,532,
../srsRAN-release_18_09,68.043000,2.776000,0.053000,0.067000,532,
../srsRAN-release_18_09,68.084000,2.815000,0.053000,0.066000,532,
../srsRAN-release_18_09,67.866000,2.840000,0.053000,0.066000,532,
../srsRAN-release_18_09,67.609000,2.812000,0.054000,0.066000,532,
../srsRAN-release_18_09,67.629000,2.812000,0.054000,0.067000,532,
../srsRAN-release_18_09,67.610000,2.917000,0.053000,0.066000,532,
../srsRAN-release_18_09,67.584000,2.871000,0.053000,0.067000,532,
../srsRAN-release_18_09,67.931000,2.850000,0.053000,0.066000,532,
../srsRAN-release_18_09,67.967000,2.823000,0.053000,0.066000,532,
../srsRAN-release_18_09,67.711000,2.944000,0.064000,0.071000,532,
../srsRAN-release_18_09,68.214000,2.807000,0.053000,0.067000,532,
../srsRAN-release_18_09,67.970000,2.814000,0.053000,0.067000,532,
../srsRAN-release_18_09,67.947000,2.830000,0.053000,0.066000,532,
../srsRAN-release_18_09,67.695000,2.836000,0.063000,0.067000,532,
../srsRAN-release_18_09,67.717000,2.807000,0.054000,0.067000,532,
../srsRAN-release_18_09,67.798000,2.835000,0.053000,0.066000,532,
../srsRAN-release_18_09,67.893000,2.936000,0.053000,0.066000,532,
../srsRAN-release_18_09,67.828000,2.804000,0.053000,0.066000,532,
../srsRAN-release_18_09,67.961000,2.899000,0.053000,0.066000,532,
